set_num,name,year,theme_id,num_parts
001-1,Gears,1965,1,43
0011-2,Town Mini-Figures,1978,84,12
0011-3,Castle 2 for 1 Bonus Offer,1987,199,0
0012-1,Space Mini-Figures,1979,143,12
0013-1,Space Mini-Figures,1979,143,12
0014-1,Space Mini-Figures,1979,143,12
0015-1,Space Mini-Figures,1979,143,18
0016-1,Castle Mini Figures,1978,186,15
002-1,4.5V Samsonite Gears Motor Set,1965,1,3
003-1,Master Mechanic Set,1966,366,403
005-1,Basic Building Set in Cardboard,1965,366,35
005-2,Discovery Set,1967,366,0
00-6,Special Offer,1985,67,0
010-1,Basic Building Set in Cardboard,1965,366,57
010-3,Basic Building Set,1968,366,77
011-1,Basic Building Set,1968,366,145
021-1,Wheel Set,1966,366,183
022-1,Basic Building Set,1968,366,110
0241199312-1,DC Super Heroes: Character Encyclopedia,2016,497,7
0241357594-1,Star Wars Build Your Own Adventure: Galactic Missions,2019,497,0
0241363764-1,"NINJAGO Visual Dictionary, New Edition",2019,497,5
028-1,Nursery Furniture,1979,652,7
030-2,Building Set,1973,505,29
03093-1,The Race to Build It Board Game,1999,502,72
032-1,Living Room,1979,652,14
033-1,Farm Animals,1979,632,21
033-2,Basic Building Set,1968,366,177
041-1,Pre-School Beginners Set,1964,440,24
041-2,Playhouse,1979,652,1
042-1,Jumbo Brick Pull Toy,1966,440,9
044-1,Basic Building Set,1968,366,225
044-2,Jumbo Bricks,1969,440,30
045-1,Farm,1979,632,66
045-2,Assorted Clear Bricks & Plates,1969,371,37
050-2,Lighting Device Pack,1969,371,4
051-1,Assorted Basic Bricks - Red,1966,371,50
052-1,Assorted Basic Bricks - White,1966,371,50
053-1,Assorted Basic Bricks - Blue,1966,371,50
054-1,Assorted Basic Bricks - Yellow,1966,371,50
055-1,Trees & Bushes,1966,371,25
055-2,Basic Building Set,1968,366,256
057-1,Large Wheels,1966,371,17
058-1,Small Wheels,1966,371,26
060-1,Assorted White Plates,1966,371,15
060-3,Jumbo Brick School Set,1968,440,60
061-1,Five Large Base Plates - Green,1966,371,5
062-1,Five Large Base Plates - White,1966,371,5
063-1,Five Large Base Plates - Blue,1966,371,5
063-2,Ducks,1978,505,18
065-1,Two Garage Door Kits,1969,371,6
066-1,Basic Building Set,1968,366,407
071-1,Block Box,1979,505,24
074-1,Pre-School Set,1976,505,20
075-1,Pre-School Set,1975,505,17
0751359483-1,The Ultimate LEGO Book,1999,497,0
0756668530-1,Atlantis: Brickmaster,2010,497,157
0756672805-1,Pirates: Brickmaster,2009,497,162
0756672813-1,Castle: Brickmaster,2009,497,141
0756682762-1,Ninjago Brickmaster,2011,497,154
0756692571-1,Harry Potter Characters of the Magical World,2012,497,4
0756698126-1,Ninjago: Character Encyclopedia,2012,497,5
077-1,Pre-School Set,1975,505,21
078-1,Roadway Base Plate,1970,371,0
080-1,Basic Building Set with Train,1967,366,712
080-2,Ambassador Set,1967,366,712
080-3,Police Station,1976,505,25
082-1,Legoville,1976,505,63
086-1,Tub Boat,1978,632,3
088-1,Super Set,1969,469,615
10000-1,Guarded Inn,2001,199,256
1000-1,Mosaic Set,1985,516,190
10001-1,Metroliner,2001,233,787
10002-1,Railroad Club Car,2001,233,293
10003-1,1 x 2 Sand Red Bricks,2001,254,100
10004-1,2 x 2 Sand Red Bricks,2001,254,100
10005-1,2 x 4 Sand Red Bricks,2001,254,50
10006-1,1 x 6 Sand Red Bricks,2001,254,50
10007-1,2 x 4 Sand Red Ridge Roof Tiles Steep Slope,2001,254,25
10008-1,2 x 4 Roof Tile Sand Red,2001,254,50
10009-1,Assorted Blue Bricks,2001,254,62
100-1,4.5V Motor with Wheels (Small Version),1966,243,16
10010-1,Assorted Yellow Bricks,2003,254,63
10011-1,Assorted Blue Plates,2001,254,42
10012-1,Assorted Yellow Plates,2001,254,42
10013-1,Open Freight Wagon,2001,238,121
10014-1,Caboose,2001,238,170
10015-1,Passenger Wagon,2001,238,194
10016-1,Tanker,2001,238,128
10017-1,Hopper Wagon,2001,238,228
10018-1,Darth Maul,2001,171,1868
10019-1,Rebel Blockade Runner - UCS,2001,171,1748
100-2,4.5V Motor with Wheels (Large Version),1966,243,27
10020-1,Santa Fe Super Chief,2002,236,435
10020-2,Santa Fe Super Chief - Limited Edition,2002,236,441
10021-1,U.S.S. Constellation,2003,404,974
10022-1,"Santa Fe Cars - Set II (dining, observation, or sleeping car)",2002,237,410
10023-1,Master Builder Set,2002,324,111
10024-1,Red Baron,2002,673,669
10025-1,Santa Fe Cars - Set I (mail or baggage car),2002,237,325
10026-1,Naboo Starfighter - UCS,2002,171,188
10027-1,Train Engine Shed,2003,239,670
10029-1,Lunar Lander,2003,387,469
10030-1,Imperial Star Destroyer - UCS,2002,171,3115
10036-1,Pizza To Go,2002,75,151
10037-1,Breezeway Cafe,2002,75,195
10039-1,Black Falcon's Fortress,2002,187,431
10040-1,Black Seas Barracuda,2002,147,916
10041-1,Main Street,2003,85,639
10042-1,American Flag,2003,206,35
10043-1,2x2 Electrical Plate,2002,254,1
10044-1,Windows and Doors,2002,254,44
10045-1,Pillars and Beams,2002,254,13
10046-1,Brown Tiles,2002,254,100
10047-1,Light Gray Arches,2002,254,36
10048-1,Small Wheels and Axles,2002,254,61
10049-1,Large Wheels and Axles,2002,254,31
10050-1,Gray Fences,2002,254,34
10051-1,Transparent Bricks,2002,254,50
10052-1,Intelligent Locomotive (Explore),2003,634,5
10053-1,Black Slopes 33,2003,254,44
10054-1,Black Slopes 33 3 x 2 and 3 x 4,2003,254,68
10055-1,Black Slopes 33 3 x 1 and 3 x 3,2003,254,50
10056-1,White Plates 2 x n,2002,254,56
10057-1,Black Plates 2 x n,2002,254,56
10058-1,Red Plates 2 x n,2002,254,56
10059-1,Dark Green Plates 2 x n,2002,254,56
10060-1,Light Gray Plates 2 x n,2002,254,56
10061-1,Black Plates 1 x n,2002,254,84
10062-1,Red Plates 1 x n,2002,254,84
10063-1,Dark Green Plates 1 x n,2002,254,84
10064-1,Light Gray Plates 1 x n,2002,254,84
10065-1,White Plates 1 x n,2002,254,84
10066-1,Castle Accessories,2002,255,41
10067-1,Mini-Fig Headgear,2002,254,53
10068-1,Santa Claus,2002,227,39
10069-1,Christmas Tree,2002,227,33
10070-1,Reindeer,2002,227,26
10071-1,Mr. Bunny,2003,229,25
10072-1,TECHNIC Beams,2003,256,56
10073-1,Bushes,2003,256,130
10074-1,Cross Axles,2003,256,68
10075-1,Spider-Man Action Pack,2002,706,25
10076-1,TECHNIC Gear Wheels,2002,256,40
10077-1,TECHNIC Motor,2003,256,55
10078-1,Train Connection Wire,2003,257,1
10079-1,Snowman,2003,227,42
10080-1,Angel,2003,227,33
10081-1,Birthday Pack Heart,2004,500,70
10082-1,Birthday Pack Daisy,2004,500,70
10083-1,Birthday Pack Star,2004,500,70
10090-1,Turkey,2003,231,54
100STORES-1,100 LEGO Stores North America,2019,408,5
10106-1,Snowflake,2006,227,107
101-1,4.5V Battery Case,1969,243,1
1011-1,Number/Symbol Blocks,1976,516,100
10111-1,Foliferous Tree,2001,254,10
10112-1,Bush,2001,254,25
10113-1,Cypress Trees,2001,254,5
10114-1,2 x 2 Sand Red Roof Tiles,2001,254,100
10115-1,Jumper Bricks,2001,254,80
10116-1,Accessories Heart,2004,500,50
10117-1,Accessories Daisy,2004,500,50
10118-1,Accessories Star,2004,500,50
101-2,Imagination Set 1,1971,366,298
10121-1,NBA Basketball Teams,2003,459,16
10123-1,Cloud City,2003,171,707
10124-1,Wright Flyer,2003,673,663
10127-1,NHL Action Set with Stickers,2003,461,61
10128-1,Train Level Crossing,2003,239,326
10129-1,Rebel Snowspeeder - UCS,2003,171,1457
101-3,4.5V Battery Case,1966,243,1
1013-1,Numbers (6 Symbols),1985,516,0
10131-1,TIE Fighter Collection,2004,171,688
10132-1,Motorized Hogwarts Express,2004,246,712
10133-1,Burlington Northern Santa Fe Locomotive,2004,236,409
10134-1,Y-wing Attack Starfighter - UCS,2004,171,1490
10135-1,Holiday Decoration Kit,2004,500,275
10143-1,Death Star II,2005,171,3460
10144-1,Sandcrawler,2005,171,1681
10145-1,Assorted Light Gray Bricks,2004,254,124
10146-1,Assorted Dark Gray Bricks,2004,254,62
10147-1,Assorted Brown Bricks,2004,254,62
10148-1,Assorted Light Gray Plates,2004,254,84
10149-1,Assorted Dark Gray Plates,2004,254,42
10150-1,Assorted Brown Plates,2004,254,42
10151-1,Hot Rod,2004,278,421
10152-1,Maersk Sealand Container Ship 2004 Edition,2004,673,988
10152-2,Maersk Sealand Container Ship 2005 Edition,2005,673,988
10152-3,Maersk Line Container Ship 2006 Edition,2006,673,988
10153-1,Electric Train Motor 9V (My Own Train),2002,244,3
10155-1,Maersk Line Container Ship 2010 Edition,2010,673,990
10156-1,LEGO Truck,2004,85,104
10157-1,High Speed Train Locomotive,2004,239,143
10158-1,High Speed Train Car,2004,239,161
10159-1,City Airport,2004,53,914
10159-2,City Airport (Full Size Image Box),2004,68,914
10160-1,Black Ridge Roof Tiles,2004,254,48
10161-1,Black Roof Tiles,2004,254,76
10162-1,Red Ridge Tiles,2004,254,48
10163-1,Red Roof Tiles,2004,254,76
10165-1,Elf Boy,2004,227,27
10166-1,Elf Girl,2004,227,31
10167-1,Brickmaster Kit (with Digital Designer CD),2004,301,182
10168-1,Mrs. Bunny,2005,229,64
10169-1,Chicken & Chicks,2005,229,60
10170-1,TTX Intermodal Double-Stack Car,2005,236,365
10173-1,Holiday Train,2006,673,969
10174-1,Imperial AT-ST - UCS,2006,171,1069
10175-1,Vader's TIE Advanced - UCS,2006,171,1212
10176-1,Royal King's Castle,2006,197,877
10177-1,Boeing 787 Dreamliner,2006,673,1196
10178-1,Motorized Walking AT-AT,2007,171,1137
10179-1,Millennium Falcon - UCS,2007,171,5195
10181-1,Eiffel Tower 1:300,2007,673,3428
10182-1,Cafe Corner,2007,155,2058
10183-1,Hobby Train,2007,397,1080
10184-1,Town Plan,2008,104,2017
10185-1,Green Grocer,2008,155,2358
10186-1,General Grievous,2008,171,1084
10187-1,Volkswagen Beetle (VW Beetle),2008,673,1626
10188-1,Death Star,2008,171,3814
10189-1,Taj Mahal,2008,673,5922
10190-1,Market Street,2007,155,1250
10191-1,Star Justice,2008,397,892
10192-1,Space Skulls,2008,397,957
10193-1,Medieval Market Village,2009,193,1619
10194-1,Emerald Night,2009,673,1089
10195-1,Republic Dropship with AT-OT,2009,171,1757
10196-1,Grand Carousel,2009,673,3261
10197-1,Fire Brigade,2009,155,2236
10198-1,Tantive IV,2009,171,1408
10199-1,Winter Toy Shop,2009,227,815
2-Oct,Universal Building Set,1976,469,129
10200-1,Custom Car Garage,2008,397,893
1020-1,Basic Bricks,1985,516,86
10201-1,Takutanuva,2003,347,1
10202-1,Ultimate Dume (Limited Edition with Exclusive Mask Of Power),2004,347,3
10202-2,Ultimate Dume,2004,347,0
10203-1,Voporak,2005,347,0
10204-1,Vezon & Kardas,2006,347,0
10205-1,Locomotive,2002,238,234
102-1,4.5V Motor Set,1968,243,24
10210-1,Imperial Flagship,2010,153,1667
1021-1,Basic Vehicles,1985,516,93
10211-1,Grand Emporium,2010,155,2186
10212-1,Imperial Shuttle,2010,171,2503
10213-1,Shuttle Adventure,2010,673,1203
10213sup-1,Supplemental Pack for Shuttle Adventure Set 10213,2010,443,29
10214-1,Tower Bridge,2010,673,4295
10215-1,Obi-Wan's Jedi Starfighter,2010,171,676
10216-1,Winter Village Bakery,2010,227,687
10217-1,Diagon Alley,2011,246,2031
10218-1,Pet Shop,2011,155,2034
10219-1,Maersk Container Train,2011,673,1233
10220-1,Volkswagen T1 Camper Van,2011,673,1333
1022-1,Mini Basic Bricks,1985,516,30
10221-1,Super Star Destroyer,2011,171,3151
10222-1,Winter Village Post Office,2011,227,821
10223-1,Kingdoms Joust,2012,196,1575
10224-1,Town Hall,2012,155,2772
10225-1,R2-D2,2012,171,2126
10226-1,Sopwith Camel,2012,673,879
10227-1,B-wing Starfighter,2012,171,1487
10228-1,Haunted House,2012,558,2063
10229-1,Winter Village Cottage,2012,227,1491
102-3,Super Value Set,1969,411,102
10230-1,Mini Modulars,2012,156,1356
1023-1,Red Baseplate,1985,516,1
10231-1,Shuttle Expedition,2011,673,1230
10232-1,Palace Cinema,2013,155,2194
10233-1,Horizon Express,2013,673,1351
10234-1,Sydney Opera House,2013,673,2989
10235-1,Winter Village Market,2013,227,1261
10236-1,Ewok Village,2013,171,1990
10237-1,The Tower of Orthanc,2013,566,2362
10240-1,Red Five X-Wing Starfighter,2013,171,1558
1024-1,Animals,1985,516,32
10241-1,Maersk Line Triple-E,2014,673,1518
10242-1,MINI Cooper,2014,673,1077
10242-2,MINI Cooper (Late 2015 Re-Issue),2015,673,1077
10243-1,Parisian Restaurant,2014,155,2470
10244-1,Fairground Mixer,2014,673,1744
10245-1,Santa’s Workshop,2014,227,884
1024601-1,Adventurers Value Pack (TRU Exclusive),2001,297,1
10246-1,Detective’s Office,2015,155,2262
10247-1,Ferris Wheel,2015,673,2464
10248-1,Ferrari F40,2015,673,1158
10249-1,Winter Toy Shop,2015,227,898
10250-1,Year Of The Snake,2013,206,243
1025-1,Figures and Furniture,1985,516,35
10251-1,Brick Bank,2016,155,2384
10252-1,Volkswagen Beetle,2016,673,1167
10253-1,Big Ben,2016,673,4167
10254-1,Winter Holiday Train,2016,673,735
10255-1,Assembly Square,2017,155,4002
10256-1,Taj Mahal,2017,673,5923
10257-1,Carousel,2017,673,2669
10258-1,London Bus,2017,673,1686
10259-1,Winter Village Station,2017,227,902
10260-1,Downtown Diner,2018,155,2480
1026-1,Playhouse Boxes,1985,516,2
10261-1,Roller Coaster,2018,673,4124
10262-1,James Bond Aston Martin DB5,2018,673,1297
10263-1,Winter Village Fire Station,2018,227,1166
10264-1,Corner Garage,2019,155,2569
10265-1,Ford Mustang,2019,673,1471
10266-1,NASA Apollo 11 Lunar Lander,2019,673,1087
10267-1,Gingerbread House,2019,673,1477
10268-1,Vestas Wind Turbine,2018,673,834
10269-1,Harley-Davidson Fat Boy,2019,673,1023
10270-1,Bookshop,2020,155,2504
1027-1,Vehicles,1985,516,32
10271-1,Fiat 500,2020,673,960
10272-1,Old Trafford - Manchester United,2020,673,3898
10273-1,Haunted House,2020,673,3232
10275-1,Elf Club House,2020,227,0
10277-1,Crocodile Locomotive,2020,673,1278
1028-1,6 x 12 Base Bricks,1985,516,6
10285-1,Compass Sensor for Mindstorms NXT,2011,259,1
10287-1,Intelligent NXT Brick (Black),2009,259,1
1029-1,Milk Delivery Truck - Tine,1999,75,90
102A-1,Front-End Loader,1970,416,64
102A-2,Front-End Loader,1970,416,56
3-Oct,Locomotive Wheels,1977,456,8
1030-1,TECHNIC I: Simple Machines Set,1985,1,191
103-1,4.5V Motor Set with Rubber Tracks,1969,473,24
1031-1,Building Cards - 1030,1983,532,20
103-2,Imagination Set 3,1971,366,568
1032-1,TECHNIC II Set {4.5v},1985,507,280
1033-1,Building Cards - 1032,1985,532,20
1034-1,Teachers Resource Set,1985,532,1534
1038-1,ERBIE the Robo-Car,1985,1,120
1039-1,Manual Control Set 1,1986,1,39
1040-1,Farm (with Picture Book),1991,516,87
10401-1,Rainbow Fun,2018,621,85
1040-2,Farm Set,1986,516,85
10402-1,Fun Future,2018,621,186
1040-3,Universal Building Set,1976,504,126
10403-1,World Fun,2018,621,295
10404-1,Ocean's Bottom,2018,621,579
10405-1,Mission to Mars,2018,621,871
104-1,Replacement 4.5V Motor,1970,243,1
1041-1,Harbor,1986,516,75
1041-2,Universal Building Set,1980,516,126
1042-1,Community People,1986,516,4
1043-1,Farm Animals (and Fences),1986,516,30
1044-1,Community Vehicles,1986,516,30
1045-1,Industrial Elements,1986,516,20
1045-2,Educational LEGO Building Set,1976,511,683
1046-1,Train Set,1985,516,61
1047-1,Extra Track,1986,516,12
1048-1,Bridge and Crossing Tracks,1986,516,15
1049-1,Ships - 247 elements and 1 poster,1985,510,238
10500-1,Horse Stable,2013,632,44
10501-1,Zoo friends,2013,632,5
10502-1,Zoo Bus,2013,632,19
10503-1,Circus Show,2013,632,25
10504-1,My First Circus,2013,632,62
10505-1,Play House,2013,652,83
10506-1,Train Accessory Set,2013,634,24
10507-1,My First Train Set,2013,634,52
10508-1,Deluxe Train Set,2013,634,134
10509-1,Dusty and Chug,2013,627,16
105-1,Canada Post Truck,1984,81,65
10510-1,Ripslinger's Air Race,2013,627,40
10511-1,Skipper's Flight School,2013,627,56
10512-1,Jake's Treasure Hunt,2013,638,22
10513-1,Never Land Hideout,2013,638,37
10514-1,Jake's Pirate Ship Bucky,2013,638,56
10515-1,Ariel's Undersea Castle,2013,640,39
10516-1,Ariel's Magical Boat Ride,2012,640,30
10517-1,My First Garden,2013,632,38
10518-1,My First Construction Site,2013,632,43
10519-1,Garbage Truck,2013,632,16
105-2,Building Set,1973,469,150
10520-1,Big Front Loader,2013,632,12
10521-1,Baby Calf,2014,632,9
10522-1,Farm Animals,2014,632,12
10524-1,Farm Tractor,2014,632,29
10525-1,Big Farm,2014,632,121
10526-1,Peter Pan's Visit,2014,638,39
10527-1,Ambulance,2014,632,14
10528-1,School Bus,2014,632,26
10529-1,Truck,2014,632,16
1053-1,Community Buildings,1984,533,895
10531-1,Mickey Mouse and Friends,2012,641,65
10532-1,My First Police Set,2014,632,39
10538-1,Fire and Rescue Team,2014,627,30
10539-1,Beach Racing,2014,638,37
1054-1,Stena Line Ferry,1999,471,211
10542-1,Sleeping Beauty's Fairy Tale,2014,640,55
10543-1,Superman Rescue,2014,653,19
10544-1,The Joker Challenge,2014,653,40
10545-1,Batcave Adventure,2014,653,59
10546-1,My First Shop,2014,632,39
10550-1,Circus Transport,2013,632,9
10552-1,Creative Cars,2013,632,40
10553-1,Toddler Build and Play Cubes,2013,505,17
10554-1,Toddler Build and Pull Along,2013,505,15
10555-1,Creative Bucket,2013,505,65
10556-1,Creative Chest,2013,505,106
10557-1,Giant Tower,2013,505,200
10558-1,Number Train,2013,504,31
10559-1,A Fairy Tale,2013,505,15
10560-1,Peekaboo Jungle,2013,505,13
1056-1,Basic School Pack - 773 elements with teacher's manual,1985,534,785
10561-1,Toddler Starter Building Set,2013,505,37
10565-1,Creative Suitcase,2014,504,135
10566-1,Creative Picnic,2014,504,53
10567-1,Toddler Build and Boat Fun,2014,504,18
10568-1,Knight Tournament,2014,647,16
10569-1,Treasure Attack,2014,647,46
10570-1,All-in-One-Gift-Set,2014,504,30
10571-1,All-in-One-Pink-Box-of-Fun,2014,504,65
10572-1,All-in-One-Box-of-Fun,2014,504,65
10573-1,Creative Animals,2014,504,25
10574-1,Creative Ice Cream,2014,504,24
10575-1,Duplo Creative Building Cube,2014,504,75
10576-1,Zoo Care,2014,632,9
10577-1,Big Royal Castle,2014,647,135
10579-1,Clubhouse Café,2014,641,16
10580-1,Deluxe Box of Fun,2014,504,95
10581-1,Forest: Ducks,2015,504,13
10582-1,Forest: Animals,2015,504,39
10583-1,Forest: Fishing Trip,2015,504,32
10584-1,Forest: Park,2015,504,105
10585-1,Mom and Baby,2015,504,13
10586-1,Ice Cream Truck,2015,504,11
10587-1,Café,2015,632,52
10589-1,Rally Car,2015,504,13
10590-1,Airport,2015,632,29
10591-1,Fire Boat,2015,632,19
10592-1,Fire Truck,2015,632,26
10593-1,Fire Station,2015,632,105
10594-1,Sofia the First Royal Stable,2015,639,38
10595-1,Sofia the First Royal Castle,2015,639,87
10596-1,Disney Princess Collection,2015,640,63
10597-1,Mickey & Minnie Birthday Parade,2015,641,24
10599-1,Batman Adventure,2015,653,47
10600-1,Classic Race,2015,506,29
1060-1,Road Plates and Signs,1981,533,30
10601-1,Delivery Vehicle,2015,632,19
10602-1,Camping,2015,632,38
10603-1,My First Bus,2015,632,17
10604-1,Treasure Island,2015,638,25
10605-1,Rosie the Ambulance,2015,648,16
10606-1,Backyard Clinic,2015,648,39
10607-1,Spider-Man Web-Bike Workshop,2015,630,13
10608-1,Spider-Man Spider Truck Adventure,2015,630,28
106-1,UNICEF Van,1985,79,59
1061-1,Single Disk Pack,2000,20,0
10615-1,My First Tractor,2015,632,12
10616-1,My First Playhouse,2015,504,25
10617-1,My First Farm,2015,632,26
10618-1,Creative Building Box,2015,504,70
1062-1,Town Vehicles,1980,533,179
10622-1,Large Creative Box,2015,504,193
10623-1,Basic Bricks Large,2015,505,60
1063-1,Community Workers,1985,533,169
1064-1,Dacta Buildings,1981,533,419
1065-1,House Accessories - 182 elements,1985,534,196
10654-1,XL Creative Brick Box,2016,621,1600
10655-1,Monster Trucks,2013,37,197
10656-1,My First LEGO Princess,2013,37,88
10657-1,My First LEGO Set,2013,37,148
10659-1,Blue Suitcase,2013,37,152
10660-1,Pink Suitcase,2013,37,157
1066-1,36 Little People + Accessories,1982,533,174
10661-1,My First LEGO Fire Station,2013,37,90
10662-1,LEGO Creative Bucket,2013,37,607
10663-1,Creative Chest,2013,37,608
10664-1,Creative Tower,2013,22,1600
10665-1,Spider-Man: Spider-Car Pursuit,2014,596,55
10666-1,Digger,2014,591,75
10667-1,Construction,2014,591,160
10668-1,Princess Play Castle,2014,591,150
10669-1,Turtle Lair,2014,591,107
1067-1,Community Vehicles,1988,507,257
10671-1,Fire Emergency,2014,591,123
10672-1,Batman: Defend the Batcave,2014,592,150
10673-1,Race Car Rally,2014,591,350
10674-1,Pony Farm,2014,591,306
10675-1,Police – The Big Escape,2014,591,146
10676-1,Knights’ Castle,2014,591,480
10677-1,Beach Trip,2015,591,74
10679-1,Pirate Treasure Hunt,2015,591,57
10680-1,Garbage Truck,2015,591,99
1068-1,Air Patrol,1999,87,20
10681-1,Creative Building Cube,2014,37,600
10682-1,Creative Suitcase,2014,37,1017
10683-1,Road Work Truck,2015,591,132
10684-1,Supermarket Suitcase,2015,591,134
10685-1,Fire Suitcase,2015,591,113
10686-1,Family House,2015,591,226
10687-1,Spider-Man Hideout,2015,596,137
1069-1,Speedboat,1999,77,22
10692-1,Creative Bricks,2015,621,221
10693-1,Creative Supplement,2015,621,303
10694-1,Creative Supplement Bright,2015,621,303
10695-1,Creative Building Box,2015,621,580
10696-1,Medium Creative Brick Box,2015,621,484
10697-1,XXXL Box,2015,621,1500
10698-1,Large Creative Brick Box,2015,621,790
10699-1,Sand Baseplate,2015,621,1
10700-1,Green Baseplate,2015,621,1
1070-1,Stunt Flyer,1999,87,20
10701-1,Gray Baseplate,2015,621,1
10702-1,Creative Building Set,2016,621,583
10703-1,Creative Builder Box,2017,621,503
10704-1,Creative Box,2017,621,900
10705-1,Creative Building Basket,2016,621,1000
10706-1,Blue Creative Box,2017,621,78
10707-1,Red Creative Box,2017,621,55
10708-1,Green Creative Box,2017,621,66
10709-1,Orange Creative Box,2017,621,60
107-1,4.5V Motor Set,1976,473,31
1071-1,Bricks 2 x 2 and 2 x 4,1986,516,56
10712-1,Bricks and Gears,2018,621,244
10713-1,Creative Suitcase,2018,621,213
10714-1,Blue Baseplate,2018,621,1
10715-1,Bricks on a Roll,2018,621,442
10717-1,Bricks Bricks Bricks,2018,621,1500
107-2,Canada Post Mail Truck,1985,81,138
10720-1,Police Helicopter Chase,2016,591,63
10721-1,Iron Man vs. Loki,2016,596,66
10722-1,Snake Showdown,2016,597,92
10723-1,Ariel's Dolphin Carriage,2016,593,70
10724-1,Batman & Superman vs. Lex Luthor,2016,592,164
10725-1,Lost Temple,2016,597,172
10726-1,Stephanie's Horse Carriage,2016,595,58
10727-1,Emma's Ice Cream Truck,2016,595,136
10728-1,Mia's Vet Clinic,2016,595,182
10729-1,Cinderella's Carriage,2016,593,116
107-3,4.5V Reversible Power Unit,1971,371,24
10730-1,Lightning McQueen Speed Launcher,2017,615,47
10731-1,Cruz Ramirez Race Simulator,2017,615,59
10732-1,Guido and Luigi's Pit Stop,2017,615,75
10733-1,Mater's Junkyard,2017,615,62
10734-1,Demolition Site,2017,591,175
10735-1,Police Truck Chase,2017,591,90
10736-1,Anna & Elsa's Frozen Playground,2017,591,94
10737-1,Batman vs. Mr. Freeze,2017,592,63
10738-1,Snow White's Forest Cottage,2017,593,67
10739-1,Shark Attack,2017,597,108
10740-1,Fire Patrol Suitcase,2017,591,116
10742-1,Willy's Butte Speed Training,2017,615,95
10743-1,Smokey's Garage,2017,615,124
10744-1,Thunder Hollow Crazy 8 Race,2017,615,191
10745-1,Florida 500 Race Final,2017,615,266
10746-1,Mia's Farm Suitcase,2017,595,106
10747-1,Andrea and Stephanie's Beach Holiday,2017,595,143
10748-1,Emma's Pet Party,2018,595,67
10749-1,Mia's Organic Food Market,2018,595,115
10750-1,Road Repair Truck,2018,591,73
1075-1,LEGO People Supplementary Set,1980,511,256
10751-1,Mountain Police Chase,2018,591,115
10753-1,The Joker Batcave Attack,2018,592,151
10754-1,Spider-Man vs. Scorpion Street Showdown,2018,596,125
10755-1,Zane's Ninja Boat Pursuit,2018,597,131
10756-1,Pteranadon Escape,2018,620,84
10757-1,Raptor Rescue Truck,2018,620,85
10758-1,T.Rex Breakout,2018,620,150
10759-1,Elastigirl's Rooftop Pursuit,2018,591,95
10760-1,Underminer Bank Heist,2018,591,149
1076-1,Advent Calendar 1999,1999,207,229
10761-1,The Great Home Escape,2018,591,178
10762-1,Belle's Story Time,2018,593,87
10763-1,Stephanie's Lakeside House,2018,595,215
10764-1,City Central Airport,2018,591,376
10765-1,Ariel's Underwater Concert,2018,579,92
10766-1,Woody & RC,2019,275,69
10767-1,Duke Caboom's Stunt Show,2019,275,120
10768-1,Buzz and Bo Peep's Playground Adventure,2019,275,139
10769-1,Toy Story 4 RV Vacation,2019,275,178
10770-1,Buzz & Woody's Carnival Mania!,2019,275,230
1077-1,Supplementary Set,1976,528,172
10771-1,Carnival Thrill Coaster,2019,275,98
10801-1,Baby Animals,2016,504,13
10802-1,Savanna,2016,632,18
10803-1,Arctic,2016,504,40
10804-1,Jungle,2016,632,86
10805-1,Around the World,2016,504,163
10806-1,Horses,2016,632,20
10807-1,Horse Trailer,2016,632,15
10808-1,Little Plane,2016,632,13
10809-1,Police Patrol,2017,632,15
108-1,Battery Box,1976,243,1
10810-1,Push Train,2016,634,45
10811-1,Backhoe Loader,2017,632,19
10812-1,Truck & Tracked Excavator,2017,632,26
10813-1,Big Construction Site,2016,632,67
10814-1,Tow Truck Set,2016,632,28
10815-1,My First Rocket,2016,504,18
10816-1,My First Cars and Trucks,2016,504,36
10817-1,Creative Chest,2016,504,70
10818-1,My First Truck,2016,632,29
10819-1,My First Garden,2016,632,25
10820-1,"Creative Building Basket, Multi Color",2016,504,110
10822-1,Sofia the First Magical Carriage,2016,639,30
10823-1,Batwing Adventure,2017,653,28
10824-1,Miles' Space Adventures,2017,629,23
10825-1,Miles' Exo-Flex Suit,2016,629,37
10826-1,Miles' Stellosphere Hangar,2017,629,44
10827-1,Mickey and Friends Beach House,2016,641,48
10828-1,Doc McStuffins Pet Vet Care,2016,648,30
10829-1,Mickey's Workshop,2016,641,18
10830-1,Minnie's Cafe,2016,641,27
1083-1,Supplementary Pack,1986,534,106
10831-1,My First Caterpillar,2016,504,19
10832-1,Birthday Picnic,2017,636,19
10833-1,Preschool,2017,636,39
10834-1,Pizzeria,2017,636,57
10835-1,Family House,2017,636,69
10836-1,Neighborhood (Town Square),2017,636,98
10837-1,Santa's Winter Holiday,2017,504,45
10838-1,Family Pets,2017,636,15
10839-1,Shooting Gallery,2017,504,32
10840-1,Big Fair,2017,504,106
10841-1,Fun Family Fair,2017,504,61
10842-1,Batcave Challenge,2017,653,73
10843-1,Mickey Racer,2017,641,15
10844-1,Minnie Mouse Bow-tique,2017,641,70
10845-1,My First Carousel,2017,504,24
10846-1,Flo's Café,2017,506,28
10847-1,My First Number Train,2017,504,23
10848-1,My First Bricks,2017,505,80
10849-1,My First Plane,2017,504,10
10850-1,My First Cakes,2017,504,8
10851-1,My First Bus,2017,504,6
10852-1,My First Bird,2017,504,7
10853-1,Creative Builder Box,2017,505,75
10854-1,Creative Box,2017,505,120
10855-1,Cinderella's Magical Castle,2017,640,56
10856-1,Mater's Shed,2017,506,23
10857-1,Piston Cup Race,2017,506,31
10858-1,My First Puzzle Pets,2018,504,18
10859-1,My First Ladybug,2018,504,6
10860-1,My First Race Car,2018,504,6
1086-1,Bulk Bucket,2000,505,48
10861-1,My First Emotions,2018,504,28
10862-1,My First Celebration,2018,504,41
10863-1,My First Animal Brick Box,2018,504,34
10864-1,Large Playground Brick Box,2018,504,71
10865-1,Fun Creations,2018,504,70
10867-1,Farmers' Market,2018,632,26
10868-1,Farm Pony Stable,2018,632,59
10869-1,Farm Adventures,2018,632,104
10870-1,Farm Animals,2018,632,16
10871-1,Airport,2018,632,29
10872-1,Train Bridge and Tracks,2018,634,26
10873-1,Minnie's Birthday Party,2018,641,21
10874-1,Steam Train,2018,634,59
10875-1,Cargo Train,2018,634,105
10876-1,Spider-Man & Hulk Adventures,2018,630,38
10877-1,Belle's Tea Party,2018,640,19
10878-1,Rapunzel's Tower,2018,640,37
10879-1,Gentle Giants Petting Zoo,2018,504,24
10880-1,T. Rex Tower,2018,504,22
1088-1,Road Burner,1999,87,25
10881-1,Mickey's Boat,2018,641,28
10882-1,Train Tracks,2018,634,23
10883-1,My First Tow Truck,2019,504,11
10884-1,My First Balancing Animals,2019,504,15
10885-1,My First Fun Puzzle,2019,504,15
10886-1,My First Car Creations,2019,504,34
10887-1,Creative Fun,2019,504,120
10889-1,Mickey's Vacation House,2019,641,57
1089-1,Basic Figures,1985,534,24
10893-1,Spider-Man vs. Electro,2019,630,29
10894-1,Toy Story Train,2019,633,21
10895-1,Emmet and Lucy's Visitors from the DUPLO Planet,2019,504,51
10897-1,My First Minnie Build,2019,641,10
10898-1,My First Mickey Build,2019,641,9
10899-1,Frozen Ice Castle,2019,504,59
10900-1,Police Bike,2019,632,8
1090-1,TECHNIC Control I,1986,507,397
10901-1,Fire Truck,2019,632,21
10902-1,Police Station,2019,632,38
10903-1,Fire Station,2019,632,76
10904-1,Baby Animals,2019,504,9
10906-1,Tropical Island,2019,504,72
10907-1,World Animals,2019,504,121
10908-1,Plane,2019,632,12
10909-1,Heart Box,2020,504,80
10910-1,Submarine Adventure,2019,504,24
10913-1,Brick Box,2020,504,65
10914-1,Deluxe Brick Box,2020,504,85
10915-1,Alphabet Truck,2020,504,36
10917-1,Fire Truck,2020,504,6
10918-1,Tow Truck,2020,504,7
10919-1,Batcave,2020,653,33
10920-1,Elsa & Olaf's Tea Party,2020,504,17
1092-1,TECHNIC Control II,1986,507,467
10921-1,Super Heroes Lab,2020,504,30
10922-1,Ariel's Undersea Castle,2020,640,35
10924-1,Lightning McQueen's Race Day,2020,506,42
10925-1,Playroom,2020,504,17
10926-1,Bedroom,2020,504,16
10927-1,Pizza Stand,2020,504,18
10928-1,Bakery,2020,504,46
10929-1,Modular Playhouse,2020,504,133
10930-1,Bulldozer,2020,632,10
10931-1,Truck & Tracked Excavator,2020,632,20
10932-1,Wrecking Ball Demolition,2020,632,56
10933-1,Tower Crane & Construction,2020,632,123
10934-1,Creative Animals,2020,504,173
10937-1,Batman: Arkham Asylum Breakout,2012,697,1621
1094-1,Johnny Thunder,1999,297,13
1095-1,Super Sub,1999,311,24
1096-1,Race Buggy,1997,82,23
1097-1,Res-Q Runner,1999,92,18
1098-1,Hang Glider,1998,87,19
1099-1,Ninja Blaster,1999,434,24
1-Jan,Bulldozer Chain Links,1982,453,50
10-Jan,Mini-Wheel Model Maker No. 1,1971,423,87
1100-1,Sky Pirates,2001,68,110
11001-1,Bricks and Ideas,2019,621,123
11002-1,Basic Brick Set,2019,621,300
11003-1,Bricks and Eyes,2019,621,451
11004-1,Windows of Creativity,2019,621,450
11005-1,Creative Fun,2019,621,900
11006-1,Creative Blue Bricks,2020,621,52
11007-1,Creative Green Bricks,2020,621,60
11008-1,Bricks and Houses,2020,621,270
11009-1,Bricks and Lights,2020,621,441
110-1,Universal Building Set,1977,469,129
11010-1,White Baseplate,2020,621,1
1101-1,Replacement 4.5V Motor,1977,443,1
11011-1,Bricks and Animals,2020,621,1500
1102-1,Motor Bushes,1977,456,4
1103-1,Battery Box,1977,443,1
1103-2,DNA Student Set,2008,517,521
1104-1,Battery Cables (75cm),1977,443,2
1105-1,Crawler Tracks,1977,443,2
1106-1,Battery Tender,1977,456,2
1106-2,Basic Building Set,1999,470,431
1107-1,Signal and Direction-Change Switch,1977,456,4
1108-1,Magnetic Couplings,1977,456,4
1109-1,Magnetic Couplings for Railway Car,1977,456,4
11-Jan,Basic Souvenir Box,1981,469,36
1110-1,Train Wheels,1977,456,8
111-1,Universal Building Set,1977,469,174
1111-1,Rubber Rims for Locomotive Wheels,1977,456,8
111-2,Starter Train Set without Motor,1966,235,118
1112-1,Train Sliding Wheel Blocks,1977,456,2
1113-1,Motor Frame and Couplers,1977,443,5
1114-1,Motor Frame,1977,443,1
1115-1,4.5V Lighting Brick (2 x 2),1977,443,1
1116-1,"Chain Links, Small",1977,443,25
1118-1,"Boat Weight, Red",1977,443,1
111901-1,Garmadon,2019,435,10
111902-1,Wu,2019,435,6
111903-1,Kai vs. Wyplash,2019,435,13
111904-1,Jay vs. Lasha,2019,435,12
1119-1,Locomotive Piston Assemblies,1977,456,6
12-Jan,Small Basic LEGO Set,1977,433,94
2-Nov,Small Pre-School Basic Set,1973,433,31
112005-1,Cole vs. Nindroid,2020,435,20
112006-1,Lloyd vs. Stone Warrior,2020,435,12
112007-1,Wu vs. Skulkin,2020,435,13
1120-1,Tires (42 mm),1977,443,2
112-1,Universal Building Set,1977,469,200
1121-1,"Propellers, Wheels and Rotor Unit",1977,443,15
112-2,Locomotive with Motor,1966,235,74
1122-1,Hinges,1977,443,3
112-3,2 40 x 40 Baseplates,1971,301,2
1123-1,"Ball and Socket Couplings, Articulated Joint",1977,443,8
1124-1,Digger Bucket,1977,443,3
1125-1,Crane Grab,1977,443,3
1126-1,"Jack Complete Assembly, Blue",1984,443,1
1127-1,Santa,1999,227,39
1128-1,Santa on Skis,1997,227,21
1129-1,Spread Bag,1980,473,1
1129-2,Santa on Reindeer,1999,227,34
3-Nov,Locomotive Traction Tires,1977,456,8
1130-1,Storage Folder for Building Instructions (16 Internal Pockets),1980,443,1
113-1,Universal Building Set,1977,469,293
1131-1,Tires (42 mm) and Hubs,1981,453,4
113-2,Motorized Train Set,1966,235,344
1132-1,Hinges,1981,443,8
1133-1,Brick Hinges,1981,443,8
1134-1,Battery Wagon,1981,456,2
1135-1,"Battery Cable Kit: 12 Connectors, 3m Cable",1981,443,13
1135-2,"Battery Cable Kit: 16 Connectors, 3m Cable",1981,443,17
1135-3,"Battery Cable Kit: 20 Connectors, 3m Cable",1981,443,21
1136-1,"Buffers, Magnetic Couplers",1981,456,6
1137-1,Train Couplings,1981,456,4
1138-1,Replacement Rubber Wheel Treads for Trains,1981,456,8
1139-1,Motor-Mount Plate with Magnetic Couplers,1981,456,5
1140-1,12V Light Bricks,1981,443,2
114-1,Universal Building Set,1977,469,390
1141-1,Wheel Bricks with Small Red Train Wheels,1981,456,2
114-2,Small Train Set,1966,235,88
1142-1,Wheel Bricks with Small Black Train-Wheels,1981,456,2
1143-1,Wheel Bricks with Large Red Train Wheels,1981,456,2
1144-1,Train Baseplate,1981,456,1
1145-1,Bogie Plate,1981,456,1
1146-1,"Pushrods, Cylinder Housings",1981,456,6
1147-1,"Light Prisms & Holder, Red/Yellow Light Covers",1981,456,7
1148-1,Differential,1981,453,5
1149-1,Air Police,2002,100,24
1149-2,Bulldozer Chainlinks,1982,453,52
1150-1,Replacement Motor 12V,1977,443,1
115-1,Building Set,1973,469,190
1151-1,Train Power Pick-Up Blocks,1977,456,2
115-2,Starter Train Set with Motor,1966,235,132
1152-1,Electric Wire,1977,456,2
1154-1,Battery Control Unit,1986,453,1
1160-1,"TECHNIC Pneumatic Tubing, 40cm +100cm",1985,453,2
116-1,Starter Train Set with Motor,1967,235,364
1161-1,TECHNIC Pneumatic Pump Cylinder 48mm,1985,453,1
116-2,Deluxe Motorized Train Set,1968,235,361
1162-1,TECHNIC Pneumatic Piston Cylinder 48mm,1985,453,1
1163-1,TECHNIC Pneumatic Piston Cylinder 60mm,1985,453,1
1164-1,TECHNIC Pneumatic 2 Way Valve and Nonreturn Valve,1985,453,2
1168-1,Battery Box,1986,1,1
1169-1,Bogie Plates,1986,456,2
1170-1,Replacement Train Battery Tender,1986,456,2
117-1,Locomotive without Motor,1967,235,99
1171-1,Lighting Brick with Red and Blue Globes,1986,443,5
11717-1,Bricks Bricks Plates,2020,621,1504
1172-1,Colored Globes,1986,443,5
1174-1,Motorhome for Basic Motor 4.5V/Train Motor 12V,1986,443,2
1175-1,4.5v TECHNIC Motor,1982,453,1
1176-1,Gear Racks and Turntables,1978,453,6
1177-1,Santa In Truck with Polar Bear,2000,227,27
1178-1,"Siren, Black",1986,443,1
1179-1,Replacement Space Siren,1986,443,1
1180-1,Space Port Moon Buggy,1999,93,25
118-1,Electronic Train,1968,235,103
1181-1,Space Port Spacecraft,1999,93,23
118-2,Small Train Set,1968,235,117
1182-1,Adventurers Raft,1999,297,18
118-3,Motorized Freight or Passenger Train (Sears Exclusive),1969,235,419
1183-1,Mummy and Cart,1999,297,17
1184-1,Cart,1999,434,24
1185-1,Raft,1999,434,25
1186-1,Cart,1999,434,25
1187-1,Glider,1999,434,23
1188-1,Fire Formula,1999,87,38
1189-1,Rocket Boat,1999,87,30
1190-1,Retro Buggy,1999,87,45
11903-1,Brickmaster: Fight The Power Of The Snakes,2012,497,156
11904-1,Parts for Legends of Chima: Brickmaster: The Quest for CHI,2013,571,187
11908-1,Build Your Own Adventure with Liza Mini-Doll and Touring Car,2015,494,77
11909-1,Ninjago: Build Your Own Adventure,2015,435,74
119-1,Super Train Set,1968,235,401
11910-1,Micro-Scale Space Cruiser,2015,126,102
1191-1,Try Bird,1999,87,34
11911-1,Parts for City: Build Your Own Adventure,2016,58,99
11912-1,Star Wars: Build Your Own Adventure,2016,158,73
11913-1,Nexo Knights Build Your Own Adventure,2017,497,78
11914-1,DC Comics Super Heroes Build Your Own Adventure,2017,497,84
11915-1,Ninjago: Build Your Own Adventure: Greatest Ninja Battles,2018,497,72
11917-1,Parts for 5005666-1 Animal Atlas,2018,497,60
11920-1,Parts for Star Wars Build Your Own Adventure: Galactic Missions,2019,158,70
11922-1,Parts for The Book of Bedtime Builds,2019,497,68
11923-1,Sorting Hat Spinner / Magical Fireplace,2019,497,101
11924-1,Reindeer,2019,227,41
11926-1,Parts for Wooden Minifigure,2019,683,29
1193-1,Water Park Tub,1999,632,42
11938-1,Creator Robot,2020,22,45
11939-1,Octopus,2020,22,63
11940-1,Creator Castle,2020,22,52
1194-1,Classic Building Table,1999,470,408
1195-1,Alien Encounter,2001,135,42
1196-1,Biker with Bicycle,2000,458,8
1197-1,Telekom Race Cyclist and Television Motorbike,2000,458,31
1197-2,Crown Gears,1981,453,2
1198-1,Service Team - 2 Bikers with Service Tools,2000,458,81
1199-1,Winning Team,2000,458,110
11995-1,Hero Recon Team,2011,400,0
1200-1,"LEGO Town Plan Board, Large Plastic",1955,372,1
1200-2,"LEGO Town Plan Board, Small Plastic",1956,372,1
1200M-1,LEGO Town Plan Wooden Board,1957,372,1
120-1,Complete Freight Train Set with Tipper Trucks,1969,235,163
1201-2,Chicken Run,2002,505,6
120-2,Small Basic Set,1966,366,121
1202-1,racer polybag,2001,125,1
1203-1,"Turntables (4 x 4), Turntables (2 x 2)",1985,443,8
1204-1,"Fences, Red and Black",1984,443,10
120438-1,Basic Building Set,1985,469,176
1205-1,Keys for Wind-Up Motor,1982,443,2
1206-1,"Round Bricks (2 x 2), White",1982,443,10
1207-1,"Turntables (4 x 4), Red",1982,443,2
1208-1,"Inverted Slope Bricks, Assorted, Red",1982,443,16
1209-1,Fences and Gates,1982,443,10
1-Dec,Blue Space Elements,1981,452,8
1210-1,Winch Block and Hook Assembly,1982,443,3
1210-2,Small Store Set,1955,372,30
121-1,Roadster,1979,390,23
1211-1,Space Stands and Brackets,1982,443,8
1211-2,Small House Set,1955,372,19
1212-1,"Rocket Tops, Black",1982,443,6
1212-2,Small House - Left Set,1955,372,21
1213-1,Space Radar Disks,1982,452,5
1213-2,Small House - Right Set,1955,372,23
1214-1,Upper Part of Motorhome for 4.5V/12V Trainmotor,1984,456,1
1214-2,Windows and Doors,1955,371,24
12142020-1,Ninjago Movie - Official Annual 2018,2018,497,7
12147980-1,Nexo Knights: Nexo Powers Rule!,2016,497,12
12148079-1,Ninjago: Sky Pirates Attack!,2016,497,7
1215-1,Train Motor 4.5V Type II Lower Housing,1981,456,1
1215-2,2 x 8 & 2 x 10 Bricks,1955,371,20
1216-1,Semaphores with Feet,1982,456,8
1216-2,4 x 4 Corner Bricks,1955,371,20
1217-1,Yellow Girder Beams & Plates,1982,453,20
1217-2,2 x 4 Bricks,1955,371,52
121801-1,Baby Raptor and Nest,2018,602,23
121802-1,Owen and Lookout Tower,2018,602,37
1218-1,Blue Girder Beams & Plates,1982,453,20
1218-2,2 x 3 Bricks,1955,371,60
121903-1,Raptor Ambush,2019,602,33
121904-1,Owen with Baby Raptor,2019,602,7
1219-1,TECHNIC Beams & Plates [Red],1982,453,20
1219-2,2 x 2 Bricks,1955,371,80
122005-1,Tyrannosaurus Rex,2020,602,65
122006-1,Triceratops,2020,602,65
122007-1,Owen with Canoe,2020,602,17
122008-1,Dino Lab,2020,602,28
122009-1,Vic Hoskins with Buggy,2020,602,35
1220-1,Black Girder Beams & Plates,1982,453,20
12201420-1,The Lego Ninjago Movie: Garmageddon in Ninjago City!,2017,497,8
1220-2,1 x 2 Bricks,1955,371,104
12202014-1,Ninjago: Spinning Power,2011,497,8
122-1,Loco and Tender,1969,235,96
1221-1,TECHNIC beams - yellow,1982,453,8
1221-2,1 x 1 Bricks,1955,371,160
1222-1,TECHNIC beams - blue,1982,453,8
1222-2,1 x 1 Round Bricks,1955,371,200
1223-1,TECHNIC beams - black,1982,453,8
1223-2,2 x 2 & 2 x 4 Curved Bricks,1955,371,14
1223-3,2 x 2 Curved Bricks,1957,371,100
1224-1,TECHNIC Beams [Red],1982,453,8
1224.1-1,8 Danish Named Beams,1955,371,8
1224-2,8 Named Beams,1955,371,8
1224A-1,1 x 6 and 1 x 8 Bricks,1955,371,36
1225-1,Assortment of Axles,1982,453,32
1225-2,Mixed Plates Parts Pack,1955,371,6
1226-1,Tractor Tires & Hubs,1982,453,12
1226-2,6 x 8 & 2 x 8 Plates,1956,371,4
1227-1,Gear Wheel Assortment,1982,453,15
1227-2,4 x 8 & 2 x 8 Plates,1956,371,5
1228-1,Differential Gear Housing,1982,453,28
1228-2,4 x 8 Curved & 2 x 8 Plates,1956,371,5
1229-1,TECHNIC Chainlinks,1982,453,70
3-Dec,Wheel Bearings for Locomotives,1977,456,2
1230-1,TECHNIC Bulldozer Chainlinks,1982,453,54
1230-2,Windows and Door without Glass,1955,371,6
123-1,Passenger Coach,1969,235,98
1231-1,X-Large Tires & Hubs,1982,453,4
1231-2,"Windows and Door with Glass, Red",1956,371,10
1231-3,"Windows and Door with Glass, White",1956,371,10
1232-1,Toggle Joints & Connectors,1982,453,46
1233-1,Axle Assortment,1984,453,34
1233-2,Light Masts,1958,371,4
1234-1,Gear Wheel Assortment,1984,453,21
1234-3,"Replacement Gearbox for Electric, Motor 4.5V/12V Type II 12 x 4 x 3 1/3",1983,443,1
1235-1,Differential Gear Housing,1984,453,19
1235-2,Garage Plate and Door,1955,371,3
1236-1,TECHNIC wheels with hubs,1984,453,4
1236-2,Garage,1955,372,59
1236-3,12V Technic Motor,1979,453,1
1237-1,Honda Promotional Set,2001,14,55
1239-1,Subzero,2001,125,4
1239-2,Remote Control for Electric Points,1985,456,8
1240-1,"Hinges and Tilted Bearings, Light Gray",1986,443,16
1240-2,8 Road Signs,1955,371,8
124-1,Goods Wagon,1969,235,56
1241-1,Digger Bucket Assembly,1985,443,4
1241-2,8 Road Signs,1955,371,8
1242-1,Crane Grab and Winch,1986,443,4
1242-2,International Flags,1957,371,5
1242D-1,5 Danish Flags,1957,371,5
1243-1,Hinges and Couplings,1986,443,9
1244-1,Runway Plates,1986,443,2
1245-1,T- and Intersection Plates,1986,443,2
1245-2,Lighting Device Pack,1957,371,3
1246-1,Helicopter,1999,80,26
1247-1,Patrol Car,1999,80,32
1247-2,Esso Pumps/Sign,1955,371,2
1248-1,Fire Boat,1999,74,24
1248-2,Painted Trees and Bushes,1955,371,6
1249-1,Tri-motorbike,1999,78,21
1250-1,Dragster,1999,82,24
125-1,Tipping Wagon,1969,235,20
1251-1,Go-Cart,1999,82,25
125-2,Building Set,1974,469,234
1252-1,Shell Tanker,1999,99,106
1253-1,Shell Car Transporter,1999,99,102
1254-1,Shell Select Shop,1999,99,164
1255-1,Shell Car Wash,1999,99,136
1256-1,Shell Petrol Pump,1999,99,157
1257-1,Trike Buggy,1999,13,30
1258-1,Propellor Buggy,1999,11,29
1259-1,Motorbike,1999,13,28
1260-1,Car,1999,12,26
1260-2,1:87 Twenty Four Models,1957,368,24
126-1,Steam Locomotive (Push),1970,235,60
1261-1,Tea with Bumblebee,2000,660,12
1263-1,Easter Bunny,2000,229,29
1264-1,Easter Chicks,2000,229,30
1265-1,Moon Buggy,1999,93,25
1266-1,Space Probe,1999,93,23
1267-1,Shock Absorbers,1985,453,4
1268-1,Bike Blaster,1999,13,28
1269-1,White Ninja,1999,434,23
1270-2,Trial Size Bag - Chromika,2005,37,16
127-1,Train Set,1969,235,365
1271-1,Jungle Surprise,1999,299,33
1271-2,Traffic Police Set,1956,372,6
1272-1,Blue Racer,2000,91,23
1273-1,Red Four Wheel Driver,2000,91,20
1274-1,Light Hover,2000,442,25
1275-1,Chainsaw Bulldozer,2000,442,22
1276-1,Helicopter Transport,2000,442,22
1277-1,Drill Craft,2000,442,27
1278-1,Johnny Thunder & Baby T,2000,298,23
1279-1,Aeroplane,2000,298,21
12798014-1,City: Space Adventures!,2015,497,11
1280-1,Microcopter,2000,298,28
128-1,Taxi Station,1979,390,37
1281-1,Aeroplane,2000,298,25
128-2,Mobile Crane (Train Base),1972,235,23
1282-1,Blue Racer,2000,91,23
128-3,Mobile Crane (Plate Base),1971,235,38
1283-1,Red Four Wheel Driver,2000,91,20
1284-1,Green Buggy,2000,91,23
1285-1,Yellow Tiger,2001,91,24
1286-1,King Leo's Cart,2000,197,22
1287-1,Crossbows,2000,197,16
1288-1,Fire Cart,2000,197,24
1289-1,Catapult,2000,197,23
1290-1,Kabaya Promotional Set: Red (Volcano Climber) RoboRider,2000,16,35
1291-1,Power Bike,2000,16,32
1292-1,Kabaya Promotional Set: White (Ice Explorer) RoboRider,2000,16,33
1293-1,Kabaya Promotional Set: Yellow/Green (Swamp Craft) RoboRider,2000,16,25
1294-1,Fire Helicopter,2000,74,31
1295-1,Water Rider,2000,87,30
1296-1,Land Scooper,2000,72,31
1297-1,Speed Patroller,2000,80,34
1298-1,Advent Calendar 1998 Classic Basic,1998,212,220
3-Jan,Velveeta Set No. 1,1967,366,74
1300-1,Lego Mosaik Set (Small),1955,370,47
130-1,Wagon with Double Tippers,1972,235,20
1305-1,Wheels and Strings,1983,524,94
1306-1,VW Garage,1957,372,45
1307-1,VW Auto Showroom,1957,372,51
13078-1,"Sports Bag, Pink",2008,501,0
1308-1,Fire Station,1957,372,109
1309-1,Church,1957,372,150
13098-1,"Pencil Case, Pink (Horses)",2008,501,0
13-1,Gray Space Elements,1981,452,10
1310-1,ESSO Filling Station,1956,372,96
131-1,Passenger Coach,1972,235,66
1314-1,Stop bush / Small pulley,1987,1,210
13148-1,"Wheeled Carry-on Luggage, Pink (Horses)",2008,501,0
1315-1,Piston Rod,1987,1,50
1316-1,Connector peg,1987,1,150
1317-1,TECHNIC Chainlinks,1987,1,350
1318-1,Gears Small,1987,1,68
1319-1,Gears Large,1987,1,22
13-2,Large Pre-School Basic Set,1973,433,92
1320-1,Differential and Bevel Gears,1987,1,32
132-1,Cottage,1979,390,115
1321-1,Worm Gear and Racks,1987,1,22
132-2,Port Crane and Flat Waggon,1972,235,58
1322-1,"Pulleys, Tires, and Steering Wheels",1987,1,32
1323-1,Hubs and Tyres,1985,524,24
1324-1,Rubber Bands and String,1985,1,101
1325-1,Assorted Spare Axles,1987,1,68
1326-1,"Spare Axles, 12L",1987,1,28
1327-1,Red/Black Plates,1985,524,48
1328-1,Red/Black Plates,1985,524,32
1329-1,Red/Black Plates,1985,525,28
13-3,Train Motor Plate with Buffers,1977,456,5
1330-1,Red/Black Plates,1985,525,20
133-1,Locomotive (Push),1975,235,81
1331-1,Red/Blue Bricks,1985,525,88
1332-1,Red/Blue Beams,1985,525,18
1333-1,Red/Blue Beams,1985,525,20
1334-1,Motors (4.5V),1985,525,2
1335-1,Battery Boxes (4.5v),1985,525,2
1336-1,Pole Reverser Switches for Battery Box,1985,1,2
1337-1,Connecting Leads,1985,1,18
1338-1,Angles Swivels Turntables,1985,524,72
1338112120-1,The Lego Batman Movie: Chaos in Gotham City,2017,497,6
1338137204-1,Make Your Own Movie,2018,497,36
1339-1,TECHNIC parts,1987,1,20
1340-1,Weight Bricks,1987,1,18
134-1,Mobile Crane and Wagon,1975,235,55
1341-1,Building Plates Green,1985,524,3
134-2,Service Station,1979,390,85
1342-1,Electric Switches and Tiles,1986,525,7
1343-1,Optosensors (4.5V) and Discs,1986,525,4
1344-1,Light Bricks (4.5V),1986,524,12
1345-1,"Pinions, Connectors, and Axles",1986,1,52
1346-1,Touch Sensors,1987,1,2
1347-1,Leads (4.5V) Spirals,1987,524,42
1348-1,Base Plates Grey,1987,524,3
1349-1,Steven Spielberg Moviemaker Set,2000,273,447
135-1,Building Set,1973,469,338
1351-1,Movie Backdrop Studio,2001,273,211
1352-1,Explosion Studio,2000,273,244
1353-1,Car Stunt Studio,2001,273,168
1354-1,Dino Head Attack,2000,273,95
1355-1,Temple of Gloom,2000,273,58
1356-1,Stuntman Catapult,2001,273,29
1357-1,Cameraman,2001,273,21
1360-1,Director's Copter,2001,273,22
136-1,Tanker Waggon (Shell),1975,235,81
1361-1,Camera Car,2001,273,20
1362-1,Air Boat,2001,273,24
1363-1,Stunt Go-Cart,2001,273,25
1370-1,Raptor Attack Studio,2001,274,157
137-1,Hospital,1979,390,105
1371-1,Spinosaurus Attack Studio,2001,274,186
137-2,Passenger Sleeping Car,1975,235,82
1374-1,Green Goblin,2002,706,58
1376-1,Spider-Man Action Studio,2002,706,249
1380-1,Werewolf Ambush,2002,273,114
138-1,Electronic Train,1969,235,107
1381-1,Vampire's Crypt,2002,273,170
1382-1,Scary Laboratory,2002,273,503
1383-1,Curse of the Pharaoh,2002,273,51
1384-1,Bird (Pre-School Building Toy) (Explore),2002,505,6
1385-1,Bracelet Sample Set,2003,500,13
1386-1,Bracelet Sample Set,2004,500,13
1388-1,Huki [McDonald's Promo Set #1],2001,355,8
1389-1,Onepu [McDonald's Promo Set #2],2001,355,8
1390-1,Maku [McDonald's Promo Set #3],2001,355,8
139-1,Electronic Control Unit (Forward/Backward - Stop),1969,243,9
1391-1,Jala [McDonald's Promo Set #4],2001,355,8
1392-1,Kongu [McDonald's Promo Set #5],2001,355,8
1393-1,Matoro [McDonald's Promo Set #6],2001,355,8
139A-1,Electronic Control Unit (Forward - Stop),1969,243,13
1400-1,Basic Box,1986,469,173
140-1,Town Hall,1979,390,139
140-2,Bricks'n Motor Set,1969,469,141
1403-1,Racing Leopard,2001,632,2
1404-1,Racing Tiger,2001,632,2
1405-1,Racing Lion,2001,632,3
140528318-1,Star Wars Space Adventures,2016,497,4
1405356235-1,City: Brickmaster,2011,497,146
1406-1,Nursing the Baby,2001,652,6
1407-1,Cooking with Mummy (Mommy),2001,652,7
1408-1,Walking the Dog with Daddy,2001,652,3
14-1,Space Mini Figures,1982,452,24
1411-1,Pirate's Treasure Hunt (Quaker Oats promo),2001,273,35
14122020-1,Ninjago: Official Guide,2012,497,5
14127980-1,Ninjago: The Way Of The Ghost,2015,497,6
14128079-1,Legends of Chima: The Battle for Chima,2015,497,11
1413-1,Rover,2001,135,29
1414-1,Double Hover (Kabaya Promotional),2001,135,21
1415-1,Jet Scooter,2001,135,24
1416-1,Worker Robot,2001,135,30
1417-1,Vakama (Kabaya version),2001,356,26
1417-2,Vakama (Polybag version),2003,356,26
1418-1,Matau,2001,356,25
1419-1,Nokama (Kabaya Promotional),2001,356,27
1420-1,Nuju,2001,356,29
14201220-1,Ninjago: The Chosen Four,2011,497,5
14201420-1,Party Time,2016,497,24
14202012-1,Ninjago: The Hour of Ghosts,2015,497,6
1421-1,Director's Copter (Kabaya Promotional),2001,273,22
1422-1,Camera Cart (Kabaya Promotional),2001,273,20
1423-1,Air Boat (Kabaya Promotional),2001,273,24
1424-1,Stunt Go-Kart (Kabaya Promotional),2001,273,25
1425-1,Dash Jet Sub,2002,305,23
1426-1,Cam Wing Diver,2002,305,21
1427-1,Ogel Marine Slizer,2002,305,21
1428-1,Small Soccer Set 1 (Kabaya Box),2002,462,24
1428-2,Small Soccer Set 1 (Polybag),2002,462,20
1429-1,Small Soccer Set 2 (Kabaya Box),2002,462,23
1429-2,Small Soccer Set 2 (Polybag),2002,462,23
14-3,Small house set,1973,433,0
1430-1,Small Soccer Set 3 (Kabaya Box),2002,462,16
1430-2,Small Soccer Set 3 (Polybag),2002,462,17
1431-1,Tahnok Va (Kabaya Promotional),2002,329,27
1432-1,Nuhvok Va (Kabaya Promotional),2002,329,26
1433-1,Gahlok Va (Kabaya Promotional),2002,329,26
1434-1,Lehvak Va (Kabaya Promotional),2002,329,25
1435-1,Super Glider (Kabaya Promotional),2002,280,7
1436-1,Ultralight Flyer (Kabaya Promotional),2002,280,16
1437-1,Turbo Chopper (Kabaya Promotional),2002,280,13
14-4,Train Motor Plate with Coupler,1977,456,1
1441-1,Fikou (Tree-Spider),2003,324,13
1450-1,Small Bucket,2000,505,50
145-1,Building Set,1974,469,412
146-1,Level Crossing,1976,235,68
1461-1,Turbo Force,1992,82,31
1462-1,Galactic Scout,1992,129,23
1463-1,Treasure Cart,1992,190,24
1464-1,Pirate Lookout,1992,148,17
1465449671-1,Star Wars: Chronicles of the Force,2016,497,3
1465450947-1,"Ninjago: Character Encyclopedia, Updated Edition",2016,497,9
1467-1,Shell Race Car,1987,82,46
1468-1,Shell Tanker,1987,76,40
1469-1,Helicopter,1987,466,39
1470-1,Shell Station,1987,76,32
147-1,Refrigerated Car with Forklift,1976,235,113
1472-1,Holiday Home,1987,69,363
1474-1,Basic Building Set with Gift Item,1991,467,69
1475-1,Airport Security Squad,1991,68,128
1477-1,{Red Race Car Number 3},1991,82,39
1478-1,Mobile Satellite Up-Link,1991,136,31
1479-1,2-Pilot Craft,1991,129,34
1480-1,King's Catapult,1991,190,33
14807412-1,City: Emergency Rescue,2011,497,9
148-1,Central Station,1975,235,292
1481-1,Desert Island,1991,148,24
1482-1,Panda and Friends,1990,505,26
1483-1,Sailor and Parrot,1991,505,19
1484-1,Weetabix Town House,1987,69,215
1489-1,Mobile Car Crane,1989,85,175
1490-1,Town Bank,1988,85,196
149-1,Fuel Refinery,1976,235,340
1491-1,Dual Defender,1992,188,48
1492-1,Battle Cove,1992,148,27
1495-1,Basic Building Set Trial Size,1988,467,26
1496-1,Rally Car,1987,82,52
1497-1,Rally and Pitcrew Team,1987,82,122
1498-1,Spy-Bot,1987,130,63
1499-1,Twin Starfire,1987,130,89
1500-1,Oval Bricks,1988,505,2
150-1,Straight Track,1966,243,25
1501-1,Yellow Bucket,1987,505,73
1502-2,Basic Set and Duffel Bag,1986,504,0
1503-1,Car Building Set,1986,505,7
1504-1,Family Bucket,1993,467,243
1504-2,House Building Set,1986,505,14
1505-1,House and Car Building Sets,1986,505,0
1506-1,Town Value Pack,1986,67,0
1507-1,Space Value Pack,1986,130,0
1509-1,Town Value Pack,1987,82,0
15-1,Castle Mini Figures,1984,447,38
1510-1,Space Value Pack,1987,130,0
151-1,Curved Track,1966,243,25
1512-1,Denken mit Lego (Thinking with Lego 250pcs),1972,517,250
1512-2,Basic Set with Storage Case,1985,467,103
1513-1,Denken mit Lego (Thinking with Lego 900pcs),1972,517,901
1513-2,Basic Building Set Gift Item,1989,467,71
1514-1,Basic Building Set Trial Size,1988,467,46
1515-1,Town Value Pack,1989,82,0
1516-1,Theater with Play-Scenes,1987,390,21
1517-1,Race Car,1989,82,32
1518-1,Race Car Repair,1989,82,82
15-2,Large House Set,1973,433,157
1520-1,Basic Set with Storage Case,1985,467,215
1520-2,Town 2 for 1 Bonus Offer,1990,67,0
152-1,Two Train Wagons,1966,235,22
1521-1,Basic Building Set Trial Size,1989,467,24
1522-1,Basic Building Set Trial Size,1989,467,44
1523-1,Basic Set Trial Size,1986,467,27
1524-1,Basic Set Trial Size,1986,467,38
1525-1,Container Lorry,1986,70,154
1526-1,Space Radar Buggy,1986,130,105
1528-1,Dragster,1986,82,29
153-1,Large Train Wagon,1966,235,15
1540-1,Betsy's Bedroom,1993,652,36
154-1,Switch Track - 1 Right and 1 Left,1967,243,4
1544-1,Duplo Medium Bucket,1988,505,57
1545-1,Build-A-Rabbit,1992,229,29
1546-1,Airplane,1985,466,31
1547-1,Black Knights Boat,1993,188,58
1548-1,Stena Line Ferry,1992,471,173
1548-2,Helicopter,1985,466,33
1549-1,Santa and Chimney,1992,227,62
1550-1,Sterling Super Caravelle,1972,412,49
155-1,"2 Cross Rails, 8 Straight Tracks, 4 Base Plates",1967,243,14
1551-1,Chick,1985,229,6
1551-2,Sterling Luggage Carrier,1972,412,49
1552-1,Maersk Line Container Truck,1985,70,381
1552-2,STERLING Boeing 727,1974,412,45
1554-1,Silja Line Ferry,1986,471,171
1555-1,Santa Claus,1986,227,19
1555-2,Sterling Airways Biplane,1978,412,44
1556-1,Christmas Hearts,1986,227,10
1557-1,Scooter,1986,130,26
1558-1,Mobile Command Trailer,1986,130,68
1559-1,Clown Car,1990,632,4
1560-1,Glory Glider,1990,68,26
1560-2,Lufthansa Boeing 727,1976,412,44
1560-3,Crest Basic Building Set,1985,467,27
156-1,2 Signals with Automatic Stop / Go Attachment,1968,243,6
1561-1,Stunt Chopper,1990,68,30
1561-2,Lufthansa Flight Crew,1976,364,60
156-2,Straight Track,1976,243,25
1562-1,Wave Jumper,1990,77,25
1562-2,Basic Building Set,1985,467,36
1562-3,Lufthansa Double-Decker,1976,412,50
1563-1,Track Blaster,1990,82,30
1570-1,Fabuland Promotion,1986,390,0
1570541574-1,Crazy Action Contraptions: A LEGO Inventions Book,1998,498,64
157-1,Curved Track,1976,243,25
157-2,Automatic Direction Changer,1969,243,7
1572-1,Super Tow Truck,1986,85,80
157-3,Four Car Auto Transport,1970,423,65
1575-1,Finnjet Ferry,1977,471,507
1575-2,Basic Set with Board Game,1987,467,240
1576-1,Happy Face Carry Case,1994,505,30
1577-1,Medium Bucket,1988,467,217
1579-1,Animal Fun,1993,505,30
1580-1,Lunar Scout,1986,130,70
1580-2,Silja Line Ferry,1977,471,413
158-1,Railroad Crossing Gate,1969,243,7
1581-1,Silja Line Ferry,1981,471,182
1581-2,Delivery Truck,1990,75,122
1584-1,Knights Challenge,1988,199,168
1588-1,Basic Set,1987,467,27
1589-1,Town Square,1978,85,441
1589-2,TCS Breakdown Assistance,1986,85,258
1590-2,ANWB Breakdown Assistance,1982,85,262
159-1,"Crossover, Straight Rails",1976,243,25
1591-1,Danone Truck,1980,75,40
1591-2,Bucket,1991,505,35
1592-1,Town Square - Castle Scene,1980,85,495
1592-2,Town Square - Castle Scene (Dutch Version),1983,85,495
1593-1,Super Model,1983,130,314
1593270542-1,The Unofficial LEGO Builder's Guide,2005,497,0
1593276109-1,"The LEGO Adventure Book, Vol. 3: Robots, Planes, Cities & More!",2015,497,0
1594-1,Rabbit and Bear Friend,1992,505,13
1595-1,Girl with Cat,1993,505,17
1596-1,Ghostly Hideout,1993,203,37
1597-1,Castle 3-Pack,1993,186,0
1598-1,Basic Set,1987,467,38
1599-1,Britannia Airways,1987,466,103
160-1,Magnetic Couplings,1968,243,6
1601-1,Conveyance,1976,416,195
1602-1,Giraffe,1987,467,16
1603-1,Trial Size Imagination,1987,467,13
1604-1,Lion,1987,467,17
1605-1,Snail,1987,467,14
1606-1,Car,1987,467,23
1607-1,Helicopter,1987,466,26
1608-1,{Aeroplane},1987,466,24
1609-1,Ship,1987,467,31
16-1,Transparent Bricks,1988,443,32
1610-1,Police Car,1991,80,23
1610-2,Martinair Cessna,1978,412,82
161-1,Battery Wagon with Signal and Direction - Changing,1972,243,7
1611-1,Dune Buggy,1991,79,21
1611-2,Martinair DC-9,1978,412,63
1612-1,Race Car,1988,82,30
1613-1,Basic Set in Bucket,1987,467,375
1614-1,Build-a-Farm,1993,632,27
1616-1,Space Combi-Pack,1989,132,0
1617-1,Small Bucket,1988,467,155
1619-1,Storage Bucket,1986,469,260
1620-1,Astro Dart,1990,132,30
1620-2,Factory,1978,75,233
162-1,Locomotive without Motor,1977,235,210
1621-1,Lunar MPV Vehicle,1990,132,96
1624-1,King's Archer,1993,188,22
1625-1,Snowman,1989,227,40
1626-1,Angel,1989,227,33
1627-1,Santa,1989,227,36
1628-1,Santa on Sleigh with Reindeer,1989,227,63
1630-1,Helicopter,1990,68,27
163-1,Cargo Wagon,1977,235,127
1631-1,Black Racer,1990,82,23
1632-1,Motor Boat,1990,77,28
1633-1,Loader Tractor,1990,72,24
1635-1,Fire Dispatch,1991,632,17
1636-1,Small Bucket,1990,467,186
1637-1,Large Bucket,1990,467,493
1638-1,Blue Bucket,1990,467,466
1639-1,Large Bucket,1990,467,675
1640-1,Tuttle the Turtle,1989,505,6
164-1,Passenger Wagon,1978,235,146
1641-1,Crocodile,1989,505,6
1642-1,"Lego Motion 3B, Sea Eagle",1989,468,15
1642-2,"Lego Motion 3B, Sea Eagle - International version",1994,468,15
1643-1,"Lego Motion 2B, Lightning Striker",1989,468,16
1644-1,"Lego Motion 4A, Wind Whirler",1989,468,17
1644-2,"Lego Motion 4A, Wind Whirler - International version",1994,468,17
1645-1,"Lego Motion 1A, Gyro Bird",1989,468,19
1646-1,"Lego Motion 3A, Land Laser",1989,468,17
1646-2,"Lego Motion 3A, Land Laser - International version",1994,468,17
1647-1,"Lego Motion 1B, Turbo Force",1989,468,14
1648-1,"Lego Motion 2A, Swamp Stinger",1989,468,16
1649-1,"Lego Motion 4B, Sea Skimmer",1989,468,17
1649-2,"Lego Motion 4B, Sea Skimmer - International version",1994,468,17
1650-1,Maersk Line [Promotional Container Ship],1974,363,220
165-1,Cargo Station,1978,235,265
1651-1,Basic Building Set Trial Size,1993,467,30
1651-2,Maersk Line Container Truck,1980,70,305
1652-1,Basic Set,1994,467,44
1655-1,Viking Line Ferry,1985,471,175
1656-1,Evacuation Team,1991,74,244
1656-2,Viking Line Ferry,1982,471,177
1657-1,Bird,1990,505,6
1658-1,Viking Line Ferry,1982,471,201
1660-1,Kronprins Frederik Ferry,1996,471,164
166-1,Flat Wagon,1978,235,51
1661-2,Basic Building Set in Bucket,1989,467,418
1662-1,Basic Building Set in Bucket,1989,467,632
1663-1,Basic Building Set in Bucket,1989,467,451
1664-1,Bird,1992,505,2
1665-1,Dual FX Racers,1990,82,108
1666-1,Brick Vac,1991,467,140
1668-1,Basic Building Set Trial Size,1992,469,30
1670-1,Basic Building Set Trial Size,1992,469,28
167-1,Loading Ramp and Car Transport Wagon,1978,235,100
1672-1,Circus,1990,632,18
1673-1,Zoo Train,1992,632,8
1675-1,LEGOLAND Triple Pack,1990,559,0
1676-1,Basic Building Set,1990,467,22
1677-1,Rabbit,1990,229,25
1678-1,Basic Building Set Trial Size,1991,469,49
1679-1,Basic Building Set,1990,467,43
1680-1,Hay Cart with Smugglers,1990,194,67
1681-1,Oval Rattle,1989,663,1
1682-1,Space Shuttle,1990,68,419
1685-1,Pre-School Building Set,1987,505,69
1687-1,Midnight Transport,1993,68,275
1688-1,Large Bucket for Her,1993,467,216
1690-1,Helicopter,1990,68,27
1693-1,Turbo Force,1992,82,26
1694-1,Galactic Scout,1992,129,23
1695-1,Treasure Chest,1992,190,24
1696-1,Pirate Lookout,1992,148,17
1698-1,Basic Building Set Trial Size,1991,469,26
1699-1,Small Bucket,1993,467,179
7-Jan,Basic Set,1973,469,107
170-1,Push Along Play Train,1972,235,87
1701-1,Basic Building Set Trial Size,1994,467,26
1702-1,Fire Fighter 4 x 4,1994,74,59
1703-1,Dalmatian Station Building Set,1994,467,181
1704-1,Ice Planet Satellite Plough,1994,133,47
1705-1,Large Dinosaur Bucket,1994,467,327
1708-1,Large Bucket,1994,469,665
17-1,Hinges,1985,443,3
1710-1,Snowmobile,1994,79,24
17101-1,Creative Toolbox,2017,301,847
171-1,Complete Train Set Without Motor,1972,235,146
1711-1,Ice Planet Scooter,1994,133,19
1712-1,Crossbow Cart,1994,186,23
1713-1,Shipwrecked Pirate,1994,148,23
1714-1,Surveillance Scooter,1995,142,23
1715-1,Special Value,1995,473,400
1715-2,Basic Bricks,1995,254,400
1716-1,Starter Set with Building Plates,1994,467,201
1719-1,Freestyle Bricks and Plates,1995,399,199
1720-1,Cactus Canyon Value Pack,1994,83,0
1721-1,Sandypoint Marina Value Pack,1994,83,0
1722-1,Rescue / Ice Planet Combi Pack,1994,559,0
1723-1,Castle / Pirates Combi Pack,1994,559,0
1724-1,Bird,1994,468,9
1725-1,Dinosaur,1994,468,11
1726-1,Girl,1994,468,7
1727-1,Horse,1994,468,10
1728-1,Crystal Crawler,1996,308,97
1729-1,Barnacle Bay Value Pack,1994,148,0
1730-1,Snow Scooter,1994,79,24
1731-1,Ice Planet Scooter,1994,133,19
1732-1,Crossbow Cart,1994,186,23
1733-1,Shipwrecked Pirate,1994,148,23
1736-1,Wizard's Cart,1995,186,18
1737-1,Scorpion Detector,1996,131,195
1739-1,Penguin,1997,505,8
1740-1,Kayak,1994,83,16
1741-1,Car,1994,83,36
1742-1,Van,1994,83,81
1743-1,"Box of Standard Bricks, 5+",1995,473,400
1744-1,Medium Bucket,1995,505,51
1745-1,"Box of Standard Bricks, 3+",1995,473,404
1746-1,Wiz the Wizard,1995,186,18
1747-1,Treasure Surprise,1996,148,25
1749-1,Paravane,1996,308,16
1750-1,Renault Formula 1 Racer,1992,82,32
1751-1,Bucket,1996,505,27
1752-1,Boat with Armour,1996,201,21
1756-1,{Basic Promotional Set},1995,468,8
1758-1,{Basic Promotional Set},1995,468,7
1759-1,Parrot,1995,505,7
1760-1,Go-Cart,1995,82,21
1761-1,Paradisa Speedboat,1995,90,21
1762-1,Go-Cart,1995,82,21
1764-1,Birthday Building Set,1995,505,100
1766-1,Small Freestyle Bucket,1995,399,109
1767-1,{Basic Promotional Set},1995,468,6
1768-1,{Basic Promotional Set},1995,468,9
1769-1,Aircraft,1992,466,23
1772-1,Airport Container Truck,1991,68,80
1773-1,Airline Maintenance Vehicle with Trailer,1996,68,109
1774-1,Aircraft,1991,68,138
1775-1,Jet,1994,68,165
1776-1,Large Bulk Bucket,1996,469,950
1777-1,Sabah Promotional Set: Plane,1996,468,10
1778-1,Sabah Promotional Set: Boat,1996,468,9
1779-1,Sabah Promotional Set: Helicopter,1996,468,10
1781-1,Dino Babies,1997,658,90
1782-1,Discovery Station,1997,86,331
1784-1,Animals Bulk Box,1996,505,21
1785-1,Introducing Crater Critters,1995,126,146
1786-1,Jailbreak Joe,1995,80,189
1787-1,Crater Cruiser,1995,145,183
1788-1,Treasure Chest,1995,148,167
1789-1,Star Hawk II,1995,145,293
1790-1,Shark Fisherman,1994,83,20
1791-1,Windsurfer & Van,1994,83,70
1792-1,Pleasure Cruiser,1994,83,65
1793-1,Space Station Zenon,1995,145,352
1794-1,Dragon Master Chariot,1994,186,36
1795-1,Imperial Cannon,1994,147,37
1796-1,Freestyle Large Monster Bucket,1996,399,653
1797-1,Bonus Bucket,1996,505,90
1798-1,Building Table,1995,473,3
8-Jan,Little House Set,1970,433,67
1800-1,Turtle,1998,505,6
180-1,Train with 5 Wagons and Circle of Track,1972,235,220
1802-1,Tidy Treasure,1996,148,25
1804-1,Crossbow Boat,1996,201,21
1805-1,Small Bucket,1995,505,32
1806-1,Underwater Scooter,1996,308,16
1807-1,Santa Claus and Sleigh,1995,227,17
1808-1,Light Aircraft and Ground Support,1996,68,126
1809-1,Condor Promotional Airplane,1996,466,29
18-1,Tree and Signs,1985,443,7
181-1,"Complete Train Set with Motor, Signals and Switch",1972,235,143
1811-1,Safari,1995,632,27
1814-1,Starter Set,1995,664,23
1815-1,Paradisa Lifeguard,1996,90,38
1817-1,Sea Plane with Hut and Boat,1996,83,135
1818-1,Aircraft and Ground Support Equipment and Vehicle,1996,68,204
1819-1,Large Bucket,1995,469,950
182-1,Train Set with Signal,1975,235,373
1821-1,Rally Racers,1996,82,195
1822-1,Sea Claw 7 / Neptune III,1995,308,189
1823-1,Sabah Promotional Set: Yacht,1996,468,10
1824-1,Flying Duck,1997,468,17
1825-1,Racing Car,1997,468,19
1826-1,Bird? Boat? Plane?,1997,468,21
1827-1,Helicopter,1997,468,20
1828-1,{Basic Promotional Set},1995,468,7
183-1,Complete Train Set with Motor and Signal,1976,235,186
1831-1,Maersk Line Container Lorry,1995,70,204
1831-2,Maersk Sealand Container Lorry,1995,70,206
1836-1,Freestyle Cat,1995,399,9
1837-1,Freestyle Duck,1995,399,11
1838-1,Freestyle Bird,1995,399,18
1839-1,Freestyle Fish,1995,399,21
1840-1,Freestyle Set,1995,399,24
1841-1,Plane,1999,470,15
1843-1,Space/Castle Value Pack,1996,126,0
1843-2,Spyrius Fold-Wing Spacecraft,1996,142,59
1843-3,Royal Knight's Catapult,1996,201,46
1845-1,20th Anniversary Jackpot Bucket,1993,469,719
1846-1,Freestyle Set,1996,399,25
1847-1,Freestyle Set,1996,399,33
1850-1,Freestyle Set,1995,399,27
1853-1,Navigator,1996,464,158
1854-1,House with Roof-Windows ( Velux ),1996,69,153
1856-1,Water Park Tub,1996,505,71
1857-1,Basic Bricks,1996,473,950
1858-1,Droid Scout,1996,131,23
1859-1,Sabah Promotional Set: Aeroplane,1996,468,10
1860-1,Freestyle Set,1995,399,32
1861-1,Box of Bricks,1996,505,49
1863-1,Freestyle Trial Set,1995,399,11
1865-1,Airliner,1994,466,28
1867-1,Medium Bulk Bucket,1997,469,400
1868-1,Freestyle Box,1996,399,220
1869-1,South African Flag,1996,468,81
1870-1,Freestyle Set,1995,399,43
18703535-1,Hamster Play Time - Friends Magazine - Polish Edition,2016,494,24
1871-1,Pirates Cannon,1994,148,17
1872-1,Imperial Guard Camp,1994,147,28
1873-1,Pirate Treasure,1994,148,49
1874-1,Polly Pick-Up,1993,469,141
1875-1,Meteor Monitor,1990,128,32
1876-1,Soil Scooper,1990,85,73
1877-1,Crusader's Cart,1990,194,60
1878-1,Small Bucket,1991,467,406
1879-1,Large Bucket,1992,467,441
1880-1,XL Bucket,1992,467,576
1881-1,Small Bucket,1991,467,288
1882-1,Large Bucket,1991,467,455
1883-1,Rabbit Rattle,1990,663,1
1884-1,Small Bucket,1992,467,193
1885-1,XL Bucket,1992,467,465
1886411565-1,Jin Sato's LEGO Mindstorms: The Master's Technique,2002,497,0
1887-1,Scout Patrol Ship,1992,129,30
1888-1,Black Knights Guardshack,1992,188,49
1889-1,Pirate's Treasure Hold,1992,148,38
1890-1,Octan Racer,1992,82,47
1891-1,Four Set Value Pack,1992,559,0
1895-1,Sky Patrol,1992,80,89
1896-1,Trauma Team,1992,78,296
1898-1,Weetabix Dragster,1989,82,27
1899-1,Weetabix Racer,1989,82,24
190-1,Farm Set,1974,364,526
1901-2,Mini Basic Set,1984,469,36
1905-1,Mini Basic Set,1982,469,36
1906-1,Majisto's Tower,1994,186,196
1907-1,Crecer Feliz Giftbox,1990,504,2
19-1,Farm Family,1986,443,4
1910-1,Promo Basic Set,1982,469,88
1911-1,Basic Set,1983,469,34
1912-1,Building Set A: Car,1983,468,20
1913-1,Building Set B: Boat,1983,468,27
1914-1,Building Set C: Helicopter,1983,468,20
1915-1,Building Set D: Aircraft,1983,468,20
1916-1,Starion Patrol,1993,140,23
1916-2,McDonald's Happy Meal - Animal,1983,505,6
1917-1,King's Catapult,1993,188,22
1917-2,McDonald's Happy Meal - Animal,1983,505,5
1918-1,McDonald's Happy Meal - Bird,1983,505,5
1919-1,McDonald's Happy Meal - Promotional Set,1983,505,5
19197480-1,Ninjago: Ninja vs. Constrictai,2012,497,6
19198074-1,Ninjago: The Tournament of Elements,2015,497,11
19-2,Locomotive Piston Assemblies,1977,456,6
1920-1,Promo Basic Set,1982,469,119
192-1,Policemen,1977,364,86
1922-1,Bucket,1994,505,50
1922-2,Basic Building Set,1983,469,60
1923-1,Viking Line Ferry,1989,471,184
1924-1,Motorcycle,1983,13,103
1924-2,Viking Line Ferry,1992,471,243
1929-1,Guardsman,1988,468,13
1932-1,Basic Building Set + Storage Case,1984,469,82
194-1,Family,1976,364,94
1944-1,Basic Set with Storage Case,1983,469,142
1945-1,Basic Set,1994,505,18
195-1,Airplane,1975,364,89
1952-1,Dairy Tanker,1989,75,128
1953-1,Mouse,1989,468,14
1954-1,Surveillance Scooter,1995,142,23
1954-2,Basic Set with Storage Case,1984,469,145
1955-1,Color Line Ferry,1993,471,244
1955-2,Plush Red Bunny / Rabbit Storage Bag,1984,504,0
1957-1,Building Set with Storage Bunny,1985,505,28
1958-1,Windsurfer,1993,83,21
1958-2,Car Building Set,1985,504,5
1959-1,Ultra-Light,1993,68,30
1959-2,House Building Set,1985,504,8
1960-2,Special Value 96 pieces (Canadian Set),1985,467,104
196-1,Antique Car,1975,364,115
1962-1,Basic Building Set,1985,467,219
1963-1,Basic Set with Storage Case,1986,467,221
1964-1,Basic Building Set,1985,467,27
1965-1,Basic Building Set,1985,469,38
1966-1,Car Repair Shop,1985,85,302
1967-1,System Bonus Pack,1993,559,0
1967-2,Town Value Pack,1985,85,0
1968-1,Space Express,1985,130,183
1969-1,Mini Robot,1993,140,38
1969-2,Space Value Pack,1985,130,0
1970-1,Pirate's Gun Cart,1993,148,31
197-1,Farm Vehicle and Animals,1976,364,120
19710-1,Sears Tower (Brickstructures Version),2008,252,68
1971-1,Black Knight's Battering Ram,1993,188,36
19720-1,John Hancock Center (Brickstructures Version),2008,252,69
1972-1,Go-Cart,1985,12,98
1973-1,Emirates Airliner,1989,68,139
1974-1,Legoland Triple Pack,1989,559,0
19741980-1,Ninjago: Ninja vs. Fangpyre,2012,497,5
1974-2,Flyercracker USA,1989,68,74
1974-3,Smuggler's Hayride,1989,194,50
1974-4,Star Quest,1989,132,37
1975-1,Car and House Building Sets,1985,504,0
1976-1,Town 3-Pack,1984,67,0
1977-1,Space Value Pack,1983,130,0
1977-2,Pre-School Building Set (XL),1991,505,100
1978-1,Build-A-Santa,1991,227,39
1978-2,Town Value Pack,1983,67,0
1979-1,Snowman,1991,227,42
1979-2,Town Value Pack,1984,67,0
1980-1,Santa's Elves,1991,227,30
19801974-1,Ninjago: Ninja vs. Venomari,2012,497,5
198-1,Cowboys,1977,364,39
1981-1,Rattle,1987,663,1
1983-1,Space Value Pack,1984,130,0
1990-1,F1 Race Car,1993,82,35
199-1,Scooter,1977,364,41
1991-1,Racing Pickup,1993,82,81
1992-1,Dragsters,1993,82,103
1993-1,Race Value Pack,1993,82,0
1994-1,Turtle Bucket with Motor,1992,469,192
1995-1,Racer,1999,470,15
1997-1,Town Value Pack,1985,67,0
1998-1,Silja Line Ferry,1991,471,376
1999-1,Space Value Pack,1985,130,0
20001-1,BrickMaster,2007,22,103
20002-1,Fire Truck,2008,58,56
2000210-1,MoreToMath 1-2 Workshop Kit 1-2,2015,507,55
2000211-1,MoreToMath 1-2 Snake,2015,507,15
20003-1,Dinosaur,2008,22,102
2000409-1,Window Exploration Bag,2010,507,5200
20004-1,Jungle Cruiser,2008,264,83
2000413-1,Connections Kit,2010,507,2045
2000414-1,Starter Kit,2012,507,239
2000415-1,Identity and Landscape Kit,2010,507,1536
2000416-1,Duck,2012,507,6
2000418-1,Workshop Kit for Simple Machines,2012,507,43
2000421-1,FLL Trophy Small,2013,398,233
2000422-1,FLL Trophy Medium,2013,398,280
2000423-1,FLL Trophy Large,2013,398,439
